x,y,fitness
46,39,-15.569834943259082
46,54,-8.061122469179727
43,43,-14.609142819211371
37,56,-12.71634345005931
52,48,-7.947063219607426
49,44,-10.950871746258759
69,40,-8.995479786718825
61,41,-9.04944123194829
43,50,-11.068235001163382
51,74,-3.7784078692357235
55,35,-14.590390014670202
57,46,-7.190065682741484
43,49,-11.408173311733648
45,56,-8.25422263435011
46,65,-5.900596689061014
57,51,-5.304127930631013
41,35,-20.83654555098272
36,53,-14.156692471853841
50,47,-9.045012873909041
45,42,-14.040007278264888
52,41,-11.511176571663174
47,48,-9.763714620832012
36,46,-17.272576659521192
56,44,-8.580624676912326
42,46,-13.744245961193506
50,41,-12.469358994025374
49,53,-7.08170983519399
53,38,-13.067175991222028
46,57,-7.317254765781668
38,29,-27.140632566025463
49,47,-9.569989500606098
45,81,-7.8478727588027795
45,62,-6.6261132736985955
53,49,-7.230925482845491
54,48,-7.125320363402871
56,59,-3.142803684308361
38,58,-11.76858273578884
57,34,-14.784072385359792
55,61,-2.9281165634529103
50,45,-10.180557769409251
41,61,-9.273802192128175
54,36,-13.994296822787854
41,55,-10.369459096187464
43,57,-8.74849301384334
65,49,-4.8313331975676
45,63,-6.56820629797341
71,49,-4.2391176443059
55,51,-5.695574974639715
64,45,-6.748142519684295
37,58,-12.154228567896844
50,56,-5.766469155880554
60,56,-2.7937414961929736
53,56,-4.586625883068593
52,56,-5.17436832785383
50,55,-6.113108724189065
36,59,-12.711185714985904
52,50,-7.233310714546016
72,39,-9.56106846110855
46,73,-5.9721573464330335
42,48,-12.71454125936382
51,61,-4.340264222378724
45,49,-10.325266241874107
55,47,-7.352551987478309
52,62,-3.8477720638093587
43,44,-14.440134167402986
49,43,-11.412340824139445
30,47,-21.857869441078225
36,28,-29.483522850565226
58,44,-8.03490837105103
46,52,-8.858610897078748
55,60,-3.1697218255144843
58,46,-7.286381322950343
41,54,-10.992597597572994
67,55,-2.1530208708543923
48,56,-6.763810658873675
55,46,-7.9870901364772795
47,58,-6.60671059381256
63,53,-3.218904800165879
47,59,-6.360945461013544
51,44,-10.084842818593108
60,43,-8.043810882485712
40,50,-12.75145970805765
64,47,-5.394464825423896
60,50,-4.748854852483223
40,43,-16.204967308966655
61,56,-2.692803853457451
55,58,-3.4055781214358385
39,36,-21.408929135378465
64,48,-4.9806343685351395
44,61,-7.390358621346654
48,36,-16.136949007990193
66,44,-6.841747582934652
35,48,-17.010296218440704
58,41,-9.969924290327194
53,65,-2.9197503757968346
51,54,-6.125329775676974
62,49,-4.9609892036435586
47,60,-6.107503071973345
45,46,-11.891102066540267
46,51,-9.057615404950063
54,53,-5.451043846401405
38,48,-14.898956150120647
60,47,-5.95017583994341
44,38,-16.68644811053683
58,39,-10.888578797503735
44,49,-11.21380057532976
48,31,-20.13364136359097
35,43,-19.75940200774034
33,47,-19.120446803592774
53,44,-9.436399344436293
61,57,-2.3534723060019163
52,28,-21.100486268203365
56,31,-17.37662592244292
63,63,-0.8769824396994922
39,45,-15.864721999440057
59,35,-13.291072304765462
76,32,-15.407347472496408
36,47,-16.55736277344612
50,53,-6.718626719936831
50,40,-13.230901165238087
51,43,-11.042937503733732
36,52,-15.163263947633032
46,58,-7.115659894849298
41,50,-12.472568368043593
51,30,-19.682568567266784
36,31,-26.90824531370812
43,23,-29.424298569479717
40,49,-13.356264368392639
46,56,-7.481036375856734
50,61,-4.60286682058846
51,47,-8.734503728742684
66,45,-6.18495743047325
55,40,-11.385720561498278
42,43,-15.163369606447587
59,47,-6.360259098104028
64,42,-8.123975077940006
42,19,-35.08443986785648
45,61,-6.946741505127055
52,59,-4.291500136886237
74,42,-8.075241150708372
57,55,-3.633352068135885
37,57,-12.452881363931661
44,64,-7.157231127556979
41,47,-13.569161721852549
70,54,-2.4525133887692663
41,32,-23.47949674013259
47,62,-5.770410567258498
54,61,-3.085062539905765
36,50,-15.252452710894046
44,32,-21.20270167980689
38,41,-19.305141085835206
57,47,-6.809641327678867
67,50,-3.9056641554363147
37,63,-11.169801863403222
43,22,-30.59726358793455
55,52,-5.121703569710211
53,34,-16.284362616615507
56,36,-13.41292170941955
73,43,-7.5870811177872755
57,56,-3.471666783425163
61,40,-9.5943986575145
64,54,-2.690092948368462
53,36,-14.220153522141326
31,47,-20.67443735789485
41,64,-8.754431618850042
45,32,-21.39109498294278
51,33,-17.11215579166191
72,52,-3.182722932639104
68,38,-10.257843111496884
50,35,-16.106145586180467
35,61,-12.972040416348186
53,69,-2.7799444477382687
53,39,-12.280261375459748
50,37,-14.895472368862503
53,62,-3.408515920763603
31,58,-17.10851093882565
51,55,-5.640205623621529
54,39,-12.018287400872406
48,35,-17.409759190276883
31,35,-28.108708252733507
45,24,-27.598376374482665
32,64,-15.121517124495332
49,48,-9.175139855845199
50,62,-4.39933435902142
51,51,-6.878853586537169
60,60,-1.853952408134676
76,37,-11.276130251390233
39,56,-11.487952497818734
34,22,-37.091372348272934
47,34,-18.151360258866582
51,57,-5.207590291211959
78,52,-3.8975192603014075
64,40,-9.112435023677662
57,58,-2.8688730419777086
34,49,-17.827519652058868
54,45,-8.579803826223838
50,58,-5.664422599815017
51,64,-3.7243806388507186
30,54,-19.008338039074843
36,61,-12.553390319114046
61,49,-5.100896760447227
41,41,-16.73256758393947
48,27,-23.454899407389465
49,59,-5.456032408613078
47,50,-9.237620563254612
37,29,-27.95779406732219
46,55,-7.884521725576196
37,49,-15.351401946038163
46,40,-14.84052549141693
39,69,-9.67764594944971
55,39,-12.12326052164402
45,53,-8.833894090251757
47,51,-8.611682694743225
68,49,-4.406243509331562
43,38,-17.97795188932715
45,48,-10.887843742621616
47,36,-17.096935065570413
69,41,-8.5698477066959
58,38,-11.626098631883124
25,20,-47.30246880854331
59,70,-1.1666725824472506
60,29,-17.76323220527499
56,26,-21.43612323800106
66,55,-2.210631629350676
46,61,-6.475911117453128
50,29,-20.794983470455833
43,60,-8.221347708156143
71,50,-3.8865757953148186
61,47,-5.944504941009232
47,49,-9.578436977792318
53,42,-10.71401576906814
56,51,-5.2914597252795925
52,51,-6.5964254804003755
39,60,-10.734948820429091
43,67,-7.380327825481938
79,45,-7.0342789358461415
45,67,-6.157563005720301
47,38,-15.373101871309004
36,60,-12.36832954424847
51,66,-3.5242982584224367
47,26,-24.933316611986395
30,25,-37.14239339713776
59,39,-10.78482982662456
48,21,-29.50448306593454
57,45,-7.755434301560014
41,53,-11.30246094851941
46,26,-25.608996942329988
39,44,-16.436976771025666
51,39,-13.246175568363554
67,49,-4.441632081494834
70,35,-12.41203479411246
48,69,-4.902907523280598
46,60,-6.676849418529992
43,56,-8.9864549895506
63,26,-20.067568157922388
68,34,-13.415464067516641
61,29,-17.90088554174036
45,34,-19.578610562460977
57,49,-5.726749680918788
41,52,-11.650410045761479
48,57,-6.316883052657629
53,61,-3.429630794093639
67,34,-13.488136849419378
51,41,-11.888991912671269
50,57,-5.498777519089074
49,49,-8.597359165854318
30,16,-46.055142842186235
28,59,-19.244176743353517
62,63,-0.9837486056537792
44,35,-19.007586381929606
33,33,-27.695406964213788
35,59,-13.34406832019005
44,67,-6.767957091218529
69,45,-6.090828280282597
40,37,-20.081827511691213
49,41,-12.658045808292039
39,24,-31.445959921308948
58,52,-4.590606089206925
30,26,-35.621995430717156
41,33,-22.196671900380174
45,51,-9.972612624408242
43,30,-23.574061843634126
54,49,-7.066035360034489
57,35,-13.948696413697862
39,37,-20.897918815047678
78,45,-7.118770544083805
63,50,-4.2432547796736815
57,52,-4.816489445730303
58,51,-5.004845537940042
44,44,-13.236791268132254
29,50,-20.64693521825167
73,53,-2.8894267818804766
76,33,-14.78967928339435
56,61,-2.5413761804293067
56,74,-2.076281700838411
62,61,-1.3521962894788828
70,53,-2.7755175284866467
59,56,-3.1289840862981877
26,21,-44.78958027959152
63,42,-8.077152199040057
52,82,-4.884182191197062
62,37,-11.857434970599616
58,57,-2.8300966805103043
43,45,-13.409662707642472
42,63,-8.1943264598541
43,51,-10.822755239945137
36,56,-13.767474260277073
74,59,-1.3001069483521257
78,33,-15.025230860134117
60,64,-1.203778101901609
72,57,-1.6074732377704248
44,65,-6.9270596757897
73,40,-9.132648072396496
56,35,-14.207052872193714
65,36,-11.893895592756518
63,47,-5.54641742749619
42,41,-16.236914900231763
58,88,-4.9258095290693165
40,45,-15.369102080746018
83,57,-3.4438000718677055
40,47,-14.312696152222818
52,40,-12.541892969838988
41,59,-9.342649852727885
68,41,-8.272597510034107
56,38,-11.934579424367875
54,57,-4.069129406123841
63,39,-9.939393745058673
42,65,-8.215653572419418
68,46,-5.598515480043109
51,82,-4.966497196990488
49,75,-4.659405463745521
31,52,-18.531237450316553
54,43,-9.979064816236207
44,62,-7.260135490543065
65,58,-1.6242674154026429
64,52,-3.434348713329413
71,42,-7.704687110414232
41,45,-14.387407646847308
53,53,-5.482285054587903
39,51,-13.382973899852017
51,79,-4.37468135147424
79,48,-5.654933994084217
48,54,-7.308830375193683
29,51,-20.382793926640314
54,64,-2.8680724455336333
68,40,-8.847520858041205
43,27,-26.14855437072078
48,42,-12.846693391929087
65,52,-3.411346324639532
59,58,-2.582532001297558
49,32,-18.84991484566879
38,28,-27.766168065275885
75,56,-2.315043450907228
40,30,-25.355078413308327
39,74,-9.84925921488945
70,45,-6.052051606218788
45,35,-18.62984705696953
50,64,-4.155125481813883
74,41,-8.455643719112341
25,51,-24.081632810436044
39,48,-14.428327602084156
39,25,-29.991670012917368
42,39,-17.483031897081794
42,54,-10.60442232795278
41,34,-21.24445133747938
33,60,-14.912990200798871
35,56,-14.032340710827084
48,61,-5.4347843908277165
42,40,-17.073034714301773
36,51,-15.33630753250626
22,66,-23.999601257370426
20,26,-45.49018252725759
28,23,-40.79847806117157
44,58,-7.958108013349157
50,33,-17.90077509923913
52,44,-9.943495984112056
77,43,-7.663881457944499
51,62,-4.073848829795496
19,18,-54.78140744255503
33,44,-20.407367497634446
37,54,-13.354723780142072
68,53,-2.97931195728375
61,38,-11.285532821060514
65,37,-11.139501027361877
51,37,-14.694078785370486
54,73,-2.5983185414533576
62,38,-11.337971702409485
30,10,-53.78752694472627
27,63,-19.16501836100387
50,66,-4.085413311414399
48,51,-8.406101096898134
50,50,-7.891445863820282
50,46,-9.516549519693715
53,73,-3.0793743588124944
26,25,-40.94777696903097
45,55,-8.510180859414275
56,30,-17.878683460039692
69,37,-10.946262850471514
73,36,-11.719932726279925
56,54,-4.415825844387348
62,45,-6.692709946962534
42,25,-28.630270557569602
49,51,-7.916892655426084
60,36,-12.872873008625126
66,32,-14.785237786434575
42,34,-21.231712433302743
50,34,-17.12664567174874
47,44,-11.85952972627635
26,32,-34.46841527578991
34,32,-27.453204487529216
32,61,-15.858373620339822
35,42,-20.436243618151618
64,36,-11.86478014222962
36,33,-25.451319462321013
45,45,-12.331005367790056
45,58,-7.524599427018683
49,24,-25.91368068712695
32,57,-16.57364560583953
30,29,-33.271452748662966
48,64,-4.996500739258207
36,62,-12.481694395241357
42,58,-9.078334355638336
57,57,-3.143609225884976
72,55,-2.3721933587801645
37,43,-17.9286539929349
27,27,-37.673127854584386
44,31,-22.363224331874783
43,37,-18.1826630764633
58,40,-10.603594870295069
39,47,-14.59110949633531
68,59,-1.086311062416903
41,46,-14.134563719740282
31,34,-28.61287148436149
59,52,-4.263552860323846
78,51,-4.251120249301485
23,26,-42.76190897269828
75,44,-7.302041288129976
75,46,-5.8350725977089235
44,66,-6.7657458463103595
81,36,-13.452855148474681
56,43,-9.153755528122932
37,69,-10.824106703181116
42,60,-8.673286755053933
65,42,-8.041835229424517
38,35,-22.391736335379022
46,36,-17.70622528398626
53,54,-5.270974644327678
39,55,-11.96491594042728
60,62,-1.6024395546108594
69,49,-4.54671592703484
43,59,-8.172942844871834
41,62,-8.862565301798115
59,24,-23.421761927958467
66,53,-2.852134016802752
58,59,-2.4953792907732364
48,50,-8.8069130864481
49,63,-4.987565818374176
77,40,-9.523452243758054
45,83,-8.12375454623527
43,33,-20.958201226700236
51,31,-19.287212319165555
41,57,-9.947505729439081
43,39,-16.825335319653853
50,44,-10.581414629910025
51,63,-3.9198612562137223
25,15,-52.455659366547806
64,43,-7.427431845485248
42,51,-11.190143681423763
73,52,-3.265211405600191
45,59,-7.275630079695384
47,54,-7.449112459189785
46,59,-6.771297596223947
72,70,-0.06309006829955138
52,47,-8.403862944016122
69,60,-0.9019306988570984
31,50,-19.03317304524089
57,43,-8.99386489281432
33,63,-14.02561999603523
57,70,-1.5621204468761185
26,54,-22.147984514304323
43,42,-14.791852060797503
51,56,-5.482511967298656
86,56,-4.550455429839521
67,36,-11.576610228762819
82,52,-4.795696177097579
44,47,-12.009987871047901
24,23,-44.38214618079519
58,63,-1.8638733529498241
23,67,-22.393367860439696
43,31,-23.225805034527447
65,23,-22.50717384069298
44,50,-10.894199015794864
33,65,-14.120649336716411
65,40,-9.107255566287735
26,17,-49.427831308508416
59,29,-18.224490466840027
36,40,-20.751484331288246
54,30,-18.825237420646502
24,25,-42.543705617901935
48,58,-6.149676028855462
47,70,-5.098000518708793
51,69,-3.4385019899091804
54,62,-3.011457291359132
77,50,-4.633328972612011
57,42,-9.2849828889518
38,37,-21.680140781073966
50,51,-7.471573770130606
28,25,-38.27998070319854
69,48,-4.958735475533714
53,43,-10.281800304204907
23,45,-29.426424140191113
57,62,-2.3824530932250703
55,27,-20.87100495744569
35,63,-12.698502571263491
67,15,-31.016480459528047
25,50,-24.290816866924906
82,58,-2.898642894026915
49,60,-5.264349233109115
26,47,-24.651857138959443
62,39,-10.075332949864606
84,42,-9.764571094809174
57,41,-9.996450345016829
47,55,-7.466815847659384
38,44,-16.82146462893038
19,49,-31.425622449386907
49,28,-22.48119224233802
49,52,-8.01368572004878
46,78,-6.699396665707254
24,28,-39.53757804018784
62,33,-14.204410144484266
33,45,-20.505816223397268
33,55,-16.064835775002468
42,59,-8.928927422203245
39,50,-13.52278413427379
73,48,-5.113852193576003
46,50,-9.649736975072289
51,36,-15.068273756229017
59,37,-12.379592929252127
53,66,-2.890995357881467
42,24,-29.712386020325262
61,44,-7.520293102230793
42,45,-14.362070735017774
48,10,-41.81549347083224
47,20,-30.964351392892183
56,55,-4.131927189167782
56,37,-12.729211563918984
38,51,-14.318296653336157
73,47,-5.570497549444752
44,69,-6.89182325301264
69,34,-13.295659342422669
46,29,-23.060431850937427
43,58,-8.599519370453155
63,60,-1.2496231302114125
58,30,-17.457952959021
34,59,-14.317379856174643
70,44,-7.007915004936185
76,40,-9.481417321652886
75,33,-14.208348685648255
40,42,-17.158246709895604
43,40,-16.09706295560174
43,53,-10.008793837354544
39,58,-11.500404147600324
55,57,-3.8121408975191824
80,61,-1.7537462277975688
71,44,-6.6088580024393515
49,29,-21.66968658877201
45,19,-32.56674191162093
56,52,-4.870290762905432
49,67,-4.2734907251753675
69,44,-6.86198055847927
61,45,-7.185371366250717
66,37,-11.49525658105113
70,61,-0.7099509882995041
74,43,-7.507358159192671
41,31,-23.746371895885893
22,25,-44.3785206243426
58,64,-1.6047639237493914
86,41,-11.103859029435007
87,50,-7.225940356856892
59,61,-2.0040163611054336
27,25,-40.26915715964785
67,63,-0.5049014687137771
75,48,-4.938278506620413
63,44,-7.114651313545431
85,64,-2.904537431394928
42,23,-30.32597341664174
37,39,-20.575220958773258
76,45,-6.523505781870451
30,49,-20.632452956196104
43,55,-9.35514408959235
28,36,-29.131803323561336
37,34,-23.94544912224125
64,38,-10.566726300862609
59,65,-1.29603621368259
56,65,-1.9650596867717511
58,50,-5.248379302195448
62,42,-8.333463755166246
39,52,-13.000021554209784
25,24,-42.777430151024404
50,73,-4.011757686462583
38,62,-10.715552938111518
32,52,-17.64188361929555
48,45,-10.704176758325477
49,45,-10.632463268910849
56,64,-2.13317777436707
82,45,-7.74355251512683
80,52,-4.263033618258741
65,34,-13.20411386549984
20,21,-49.76920485267634
55,24,-23.655846714536334
48,60,-5.686769295569508
53,50,-6.79106966683429
48,32,-19.590689282291546
28,35,-30.62700764230508
53,20,-28.230856606695905
52,60,-3.9674397895611486
83,44,-8.805156042606878
76,55,-2.5971527186148275
39,59,-10.72072635337827
57,40,-10.452527442842765
51,35,-16.02315042484381
24,49,-25.836850660826656
45,44,-12.868500729428423
63,69,-0.4635007435236136
41,29,-25.42562822930327
75,52,-3.333477208907926
51,52,-6.962542557272478
23,38,-33.02527541413936
45,25,-26.90270662720898
81,53,-4.253573075778209
48,33,-18.71738919852261
52,67,-3.095426208244844
31,59,-16.791787949762696
42,32,-22.83013272835773
55,41,-11.108230196398138
50,81,-5.255062964510611
61,32,-15.461397525510703
29,43,-24.472467503339004
47,67,-5.263196837726749
45,68,-6.1813979474859755
29,37,-28.351176214116727
45,71,-6.208525824774289
62,34,-13.476331277560616
62,52,-3.754097957885514
36,48,-16.226092247524626
57,66,-1.6177132852074916
73,62,-0.6766606436464995
49,57,-5.922645083326821
73,49,-4.332885139463101
52,52,-6.398656464578707
62,51,-4.284141636460807
36,24,-32.80712351071227
48,38,-15.217274726699916
58,65,-1.5395147355130403
47,46,-10.816765739034395
66,63,-0.5873193641008017
33,43,-20.89484935989676
63,72,-0.586325856734408
45,60,-7.200155021656608
68,51,-3.444835809001172
66,66,-0.2682334286742374
54,51,-6.0667059007651485
53,22,-26.86583156845735
39,20,-36.03379521519114
30,56,-18.185609696922487
80,42,-8.94870551745861
27,21,-43.139060331591864
41,51,-12.087807864386653
55,69,-2.0775405342013693
45,52,-9.165673072341715
51,21,-28.11907831248024
41,43,-15.69555923413748
36,11,-46.73976465176587
71,47,-5.268348499623196
28,29,-35.54542938080498
68,56,-1.9254356662580396
46,44,-12.710481595061431
27,43,-26.028534201295848
37,60,-11.750948465525871
65,13,-34.17215798621949
76,66,-0.5165062010369144
41,28,-26.244482058235434
49,70,-4.345604867591779
44,52,-9.909529841128535
52,49,-7.5514207321403095
45,38,-16.424170550043257
53,59,-3.982324429649712
49,37,-15.206364028793626
50,39,-13.614351067916742
31,24,-36.975284995767844
49,50,-8.187973507058917
62,36,-12.140030779713328
60,46,-7.004813508239443
60,69,-0.8546287727515943
52,53,-5.886986271209668
15,21,-55.84907383721024
31,55,-17.50174939612291
75,45,-6.525277116413993
49,74,-4.825682703668177
51,42,-11.49708947789109
28,49,-22.24025369417443
55,38,-12.479569597612912
40,48,-14.138567585286445
56,56,-3.661613287492399
76,47,-5.63753431853593
55,54,-4.555777252311591
30,20,-41.93098677232091
52,57,-4.743797689973348
22,18,-51.22805255037271
37,37,-21.6275886323265
70,39,-9.59812851450967
68,74,-0.2874708190860704
21,7,-64.7803424127367
56,69,-1.8467278459257233
54,81,-3.7904595472861367
69,43,-7.5967177574285865
46,41,-14.33951868464402
62,75,-0.8705742200668154
32,68,-14.400244746564477
30,21,-41.35707205240814
34,34,-25.872329600360843
24,21,-45.67298632889347
72,41,-8.341090463734028
66,35,-12.385834286535813
34,27,-31.853740102738413
54,58,-3.7981784611222102
43,46,-12.812098512477082
53,19,-29.830344952798317
47,23,-28.32312216483411
62,54,-3.0965263767879962
41,22,-31.62013364067449
45,47,-11.181140065617171
69,62,-0.5228666568957043
49,25,-25.385305482113278
79,50,-4.8689825367346735
48,39,-14.465623297424687
32,10,-51.77830310244971
59,75,-1.432372850973304
57,32,-16.171459165223304
52,39,-12.614609244892591
43,66,-7.442534569602696
58,55,-3.748148201420431
48,44,-11.63128620617244
48,77,-5.538918677451927
82,38,-12.120410181311462
44,41,-15.163685541544009
33,57,-15.296230990702842
22,27,-42.47911855507664
52,36,-14.615032624792061
37,46,-17.26723300549593
57,65,-1.7887271208614646
55,28,-20.467796553196088
16,67,-30.15183292759143
39,42,-18.144064102667443
52,55,-5.378394362765596
34,58,-14.298443552058162
38,39,-20.024368945376537
73,58,-1.4843145707000205
61,64,-1.044969361913778
38,25,-31.600369546074752
52,26,-22.77600356483815
85,48,-7.377798580744631
75,51,-3.848560545194128
47,74,-5.445698597596051
19,61,-27.29944375094801
55,31,-17.865834342248945
34,63,-13.731865160151168
42,62,-8.342249159115745
34,24,-35.16311099761193
29,44,-23.727031871261687
61,34,-13.861554564401946
51,26,-23.30836266311644
46,48,-10.575525015873776
87,41,-12.033523688994688
65,45,-6.396917379833521
77,42,-8.232780067828015
45,54,-8.570645671388174
71,20,-26.060749288276195
52,31,-19.089792019093842
65,32,-14.963127719861477
62,47,-5.9973946536209155
40,33,-23.037781895095826
53,24,-24.15567948345083
33,52,-16.746398702916416
53,60,-3.7983520267222066
58,31,-16.945697619519713
41,82,-10.205742142536335
26,35,-32.028522536680136
40,46,-14.753554440246983
47,53,-8.01648606915223
51,83,-5.3639074485264855
68,33,-14.017619828826248
52,37,-14.541648263894416
24,34,-35.14049349793598
53,57,-4.374299934074663
55,65,-2.2953369387488407
34,44,-20.175008243880793
35,39,-21.78524617797717
71,51,-3.570571584802654
29,25,-37.91137719422623
45,74,-6.71464239860299
77,56,-2.413309400400262
71,45,-6.1639459982187494
37,66,-10.881983348141167
44,48,-11.508104548682372
76,48,-5.430155736468109
37,68,-10.849114882356885
34,28,-30.98209701695059
20,24,-46.68762072943158
63,58,-1.8110256957344757
33,50,-17.897623665289323
58,69,-1.3403692641743898
41,60,-9.412843618251861
24,39,-31.09281753673377
44,51,-10.158735982898829
26,49,-24.011642002034918
71,46,-5.794651595739103
54,44,-9.276384775797478
55,59,-3.3013355636659423
59,31,-16.75973943976006
44,45,-13.165921474111226
51,70,-3.4321913699895754
53,72,-2.785882290100975
45,41,-14.855876455888751
47,47,-10.43287586956707
58,48,-6.141298373545913
55,48,-7.006007016538406
71,40,-9.17657046745597
58,62,-1.8698961072974303
67,33,-13.876727798759767
43,47,-12.463655882257196
42,81,-9.020666081151871
42,36,-19.466567882628457
64,35,-12.667599463829607
36,36,-23.679341394216515
50,65,-4.174397707312018
63,54,-2.994616573347537
26,40,-29.316357345877364
42,37,-19.005968188254567
74,51,-3.752011937820794
48,26,-24.693680744093115
56,81,-3.2418588450517545
35,44,-19.41904244996432
30,30,-32.754373359416626
42,33,-21.78240826072865
65,59,-1.3594637768425375
71,39,-9.499031910698092
33,20,-38.8683660152489
53,31,-18.188966765940272
59,50,-5.1045068553352415
56,58,-3.45819555124347
39,57,-11.216321506919963
53,48,-7.580748661831667
56,46,-7.650756726893158
21,54,-27.758245690795558
43,19,-33.92046195632454
56,67,-1.9761221207840929
49,81,-5.629014860534823
24,51,-25.170867099669298
84,40,-11.751452726280121
38,53,-13.237652980157023
56,77,-2.4949870457502437
32,55,-16.83116442277141
39,8,-49.184333979838875
54,71,-2.7075076221085688
74,25,-20.907888884492557
46,45,-12.299469054766721
78,38,-11.07907815536314
40,53,-11.814638547198289
43,24,-28.76032006266629
63,51,-4.1251401367902165
57,48,-6.365548531387767
66,57,-1.6437025951503044
34,51,-16.399169017717508
73,55,-2.2767856429619306
44,14,-39.70292061654296
52,32,-17.880245097176438
54,31,-17.627519903177593
40,52,-11.979619168153134
33,48,-18.816220200365553
67,45,-6.212830943343005
45,43,-13.563499760083806
61,75,-0.9588407886777686
35,26,-32.74172010617271
42,66,-8.175435830035571
53,33,-16.646022077341847
42,49,-12.1271218370652
27,24,-40.254173759323486
57,33,-15.711021026872071
62,44,-7.170461391922849
16,27,-49.034354392779036
63,66,-0.5905751928889282
77,66,-0.6982956306517316
21,16,-54.680639780720945
47,43,-12.759640146214299
50,52,-7.144832846584651
77,46,-6.288363068341641
36,20,-37.34455890145162
26,45,-25.61489584614946
36,55,-13.657542585646677
61,31,-16.010023619144956
67,53,-3.1001611505086144
40,19,-35.24619624983472
50,49,-8.371389465950147
20,22,-48.61040114237431
81,51,-4.797769700235677
38,42,-18.42111435593488
67,47,-5.242187973621556
44,43,-14.036229045864443
76,42,-8.21675187900548
64,30,-16.657712895380133
56,66,-2.0316924367495632
82,48,-6.1927069275649345
65,69,-0.20713314973826888
63,48,-5.370836896423022
25,52,-24.28841911508666
47,31,-20.480993194588976
71,36,-11.609473221337264
59,66,-1.241460721584371
56,27,-20.844881651469926
25,22,-43.91379546411418
44,40,-15.809580460646497
63,56,-2.4273394695877455
48,67,-4.769089558155219
23,64,-22.89172046552979
88,59,-4.780840164781108
57,54,-4.232579241560254
17,20,-54.82533817417254
42,44,-14.516975017319204
54,50,-6.377981494253687
78,40,-9.603756367477468
66,41,-8.77206370413911
50,75,-4.2168189865917345
24,16,-51.55308558560807
78,48,-5.550658665969239
69,30,-16.102687851856395
48,59,-5.7991428474486915
55,56,-3.913953086358047
82,57,-3.140927215200457
52,68,-3.090268369757075
30,8,-55.79497369678674
55,67,-2.2434392970795214
40,32,-24.047299439678085
54,42,-10.317155414705757
56,40,-10.778296973746068
68,42,-7.968899697377195
29,46,-22.690758197699374
43,41,-15.49032631945057
38,38,-20.89817893326515
83,48,-6.636071618938982
82,67,-1.7465946374156864
74,39,-10.039219776991144
36,44,-18.646969198838974
39,19,-36.6308683016564
54,33,-16.875355743619565
45,16,-36.09252301759939
32,43,-21.754794420652935
31,38,-26.2316117684334
36,54,-14.004623502348228
40,54,-11.576735534419045
54,76,-2.8426464031405123
38,45,-16.32521208525463
35,46,-18.243542789184335
28,46,-24.424714660219404
57,44,-8.309033435624837
32,40,-24.003717818712452
29,29,-34.22082469260792
44,82,-8.32567756553771
42,57,-9.55260275987772
76,54,-2.9849625416727634
84,51,-5.728651497594638
72,46,-5.651669401213253
35,17,-40.99482676836304
48,55,-7.00581941963407
29,30,-33.35781962041296
76,52,-3.582382310990278
72,44,-6.909274268102851
54,38,-13.086201507832548
36,69,-11.714533089545393
35,58,-13.784883615499574
60,49,-5.352391884552764
41,19,-35.60263783400518
47,41,-13.735921828263002
28,14,-50.602580001298264
58,45,-7.664511414054521
48,66,-5.086378274261826
26,56,-21.346540298527586
82,44,-8.33557713185546
36,26,-31.529298593014694
26,61,-20.43337136584289
66,51,-3.714570434721536
61,68,-0.7155569787421977
29,19,-43.98627122236274
61,33,-14.856205401949277
40,60,-10.150777521660256
58,53,-4.05292137035171
40,59,-10.093019552193716
32,63,-14.858917779935183
56,71,-1.815510184006355
60,31,-16.298447226878892
62,35,-13.072876912428471
49,39,-13.905926235487009
66,48,-5.065443764056549
63,25,-21.05994856083384
69,31,-15.405796848395408
81,43,-8.51169087581227
58,56,-3.1220008872071823
60,42,-8.58985619457972
42,56,-9.857337831278473
83,52,-5.269974366712953
44,42,-14.513150796940494
55,29,-18.930985504773293
27,55,-20.88898007125475
55,63,-2.5198653440710643
30,35,-28.308788966483192
57,20,-27.76244831801357
53,77,-3.510062685592536
59,84,-3.2784459697228705
18,62,-27.958230368765566
60,33,-14.65090316067938
48,53,-7.566979865330625
40,70,-9.055825590066565
58,71,-1.3637612801716898
23,29,-39.58798734132289
57,29,-18.938695668107492
68,44,-6.962955883764266
49,79,-5.635246742123664
64,44,-7.135051333295686
16,19,-56.30783290329475
40,69,-9.124402580982167
69,36,-11.91249021921829
40,64,-9.652766103922279
80,48,-5.870369359794262
80,64,-1.4307622904148196
16,62,-30.147931869914814
30,36,-27.842597269346477
92,51,-8.483721970520925
51,40,-12.979794852432601
64,63,-0.7177829188739648
28,55,-20.14285312078528
63,33,-14.63491915987941
52,64,-3.5196214112966357
68,52,-3.219558153849719
31,54,-17.7244400152451
41,40,-17.380741449434275
78,61,-1.603770912467974
81,38,-11.668260055265188
41,70,-8.370599461923028
47,39,-14.559683527380546
75,40,-9.523054619434305
54,27,-20.947029443482084
49,40,-13.255603625483527
44,73,-6.890009790781716
35,53,-15.597050108539367
66,38,-10.360462757867127
60,25,-21.530205155849384
59,71,-1.1357057838378495
50,31,-19.60506367465237
54,46,-8.18106821612784
60,32,-15.81683725474699
60,68,-0.9179371859910304
61,83,-2.7175492090951594
35,54,-14.924230358018804
45,77,-6.65007700731831
80,69,-1.2543437332941536
34,55,-14.959410513567928
22,28,-41.41758345652254
53,64,-3.079116749783481
41,56,-10.380895262262449
39,49,-13.925762294334898
48,68,-4.673575921450547
55,44,-8.75479463224059
42,38,-18.025214446511388
28,24,-40.56070673226696
35,25,-33.74780236075037
56,68,-1.8063104087284503
54,68,-2.569258186144928
65,72,-0.2570677339437227
71,60,-0.9004822476136906
22,43,-30.62256069115343
66,52,-3.1584577717748648
63,43,-7.660542079875402
44,68,-6.611444170168261
52,34,-16.174468550811895
34,43,-20.327885077197585
31,66,-15.668298052258292
60,41,-9.342627011675605
22,69,-23.62549548033477
53,51,-6.417645085407166
54,60,-3.3234987978902906
73,41,-8.459107570468792
62,55,-2.8367939228666574
50,30,-20.555162333173268
72,51,-3.5998060015060136
26,52,-22.8241253151536
51,46,-9.141691851342927
54,25,-23.80654501906453
75,57,-1.9587938009489232
42,31,-23.24705873855525
78,47,-6.0542017377948
47,37,-16.517233950564403
28,63,-18.19292542009656
30,23,-38.53831637268548
40,38,-19.75708389055566
27,33,-32.97878116270387
67,41,-8.500136250694778
75,42,-7.970144405638846
56,76,-2.27386597179815
27,54,-21.654782074117428
76,41,-9.06045398065383
67,40,-9.227449131570246
31,25,-35.85945073700246
36,49,-15.91871981903419
63,52,-3.6583246165505
57,80,-2.766519211116262
32,56,-16.33248488668054
28,60,-18.922865488010412
47,29,-22.144635124573824
78,54,-3.254572676939052
55,37,-13.237515488764908
67,25,-21.142361085813853
39,29,-27.282237443971418
53,37,-13.919355983582285
56,21,-26.316050548082693
65,80,-1.2441669892862928
72,77,-0.6853743744439675
38,10,-47.46343370612455
38,47,-15.491544916488037
35,45,-18.552210743135475
66,47,-5.3906994532380175
40,39,-18.844494074207553
84,62,-2.752496306912738
67,48,-5.109323784405812
87,44,-9.71438971182852
22,56,-25.442621217047787
57,36,-13.160737057913062
59,28,-19.149184035525593
71,58,-1.3684844814611141
41,26,-27.786692782534622
64,39,-9.899071973888677
44,10,-44.06149384962483
65,55,-2.4297696241726237
17,72,-29.29663143414991
50,68,-4.181985936445637
38,49,-14.552472964289704
37,67,-11.334145070607835
53,35,-15.476216565094273
45,39,-15.688994789709465
61,26,-20.54996633285308
57,23,-24.353565147872022
29,13,-51.20743637377818
47,42,-12.923050048713808
25,49,-25.397019807301398
38,21,-35.449776335968444
26,48,-24.717934085077523
51,45,-10.092208840909397
68,66,-0.14520098872631926
42,16,-37.93640842805224
38,77,-11.040163274065044
51,68,-3.504564154609536
52,24,-24.830229818406472
21,48,-29.8906287830686
28,50,-21.468211563491508
70,50,-3.835199096449993
33,36,-25.803361844491974
59,46,-7.167333719227494
51,29,-20.669651999948485
77,31,-15.949720046189658
27,30,-35.084167075613024
43,65,-7.705441773550453
40,55,-11.370995822585856
50,60,-4.929502217258556
83,49,-6.520313041209855
35,52,-15.624907589889212
57,53,-4.644897337014252
49,66,-4.517088477484876
64,19,-27.593807843818237
62,40,-9.364627376397943
36,27,-30.427314998404945
47,72,-5.178136858844845
71,43,-7.388880525705807
51,72,-3.4834475228558412
77,69,-0.6181528809268961
79,70,-0.872860755200927
53,29,-19.561203477151537
36,37,-22.481762726635907
64,68,-0.3833385732516576
61,69,-0.6920076328822715
44,39,-16.136336594741735
59,54,-3.9033797072529293
82,47,-6.895370580365793
79,57,-2.6023260407521014
24,30,-37.4335013283809
66,25,-20.61391095857158
52,72,-3.2722923909409287
58,27,-20.09364463948574
17,10,-66.55651602865252
72,54,-2.7113634498068153
80,54,-3.929510989676116
27,14,-51.17254973195881
38,63,-10.53469299831204
27,53,-21.540258930689966
87,61,-3.920300526248339
55,45,-8.40153635328527
19,13,-60.27422850940467
47,32,-19.855118202474433
77,71,-0.6186590915269545
52,21,-27.425511689695547
59,40,-10.07175108299181
78,20,-26.549710168791794
72,40,-8.958432911437662
32,79,-15.828696824928155
59,32,-15.683016575801306
27,61,-19.90143523062642
42,67,-8.19827346424098
37,78,-11.541989111586657
18,29,-45.19247488242611
57,61,-2.4270340167374918
60,65,-1.043359710365059
61,71,-0.7908961906787064
26,33,-34.316672170421796
55,68,-2.261204171637973
28,42,-25.611822468114738
54,54,-4.9644914625207495
77,44,-7.20130100017787
68,45,-6.412998412705098
63,40,-9.35029093957277
26,57,-21.81220895047249
48,49,-9.123221592657003
25,27,-40.19301800735643
70,37,-10.896003276768743
41,58,-9.673417323112794
64,71,-0.31435106004187535
72,64,-0.3583881299978277
42,26,-27.38942736515737
24,56,-23.24973690275375
26,22,-43.137661512198505
46,42,-13.47626451752569
32,47,-19.780826299256915
41,71,-8.497846863355829
16,16,-60.05693357148776
70,52,-3.084945097523982
70,33,-13.623394722124804
46,38,-16.444849666621522
50,69,-3.833078334601634
62,32,-15.1029708063368
23,33,-36.721101096061204
55,25,-22.530624905319105
55,55,-4.205881532273784
28,34,-31.29946191619492
44,34,-20.345576799908045
60,28,-18.816373035859055
49,19,-31.035822098370833
31,29,-32.95241447438354
43,61,-8.332810352024984
61,46,-6.708745976841705
77,58,-2.0437532621182077
29,65,-17.24807287253563
58,72,-1.5450550785938528
31,9,-54.08073487684708
17,18,-55.79086454542556
34,48,-18.15717657162378
47,11,-40.767811048005846
20,44,-32.33261484189455
46,53,-8.688778123116652
42,42,-15.644045039797863
77,60,-1.6922538014959687
12,25,-56.01475811261386
60,37,-11.783491993843594
64,50,-4.406038048833075
61,23,-23.778030956771232
32,51,-17.926932798228
66,40,-9.397611939361903
29,27,-36.178819194729144
49,73,-4.416436046049615
30,55,-18.689213416085302
61,66,-0.860522311821119
31,64,-15.70283711679895
28,71,-18.000963351074695
46,31,-20.973258175101744
68,68,-0.023635207343466372
27,20,-44.5991528361651
61,72,-0.8964351971451807
53,58,-4.272555460533121
58,34,-14.377355272065287
68,36,-11.81643416753047
39,43,-16.9782371035583
40,85,-11.446229957602837
88,50,-7.344187820289023
71,53,-2.9898503557300176
79,62,-1.5320204356311802
69,42,-7.777765771691803
58,43,-8.722171113073493
34,45,-19.389317801494617
47,25,-25.836346450960924
77,36,-12.101916434258408
22,36,-34.85459323290041
92,58,-6.944515203652708
39,39,-19.238468299557596
43,48,-12.005952284322923
39,53,-12.569537157770343
73,44,-6.925927526869438
61,62,-1.355110460520598
73,71,-0.16933052094154932
32,28,-32.77430164755082
39,72,-10.076577809974655
68,55,-2.1729739155103087
55,74,-2.4377905408329856
48,85,-7.597052295735258
37,26,-30.575067192641704
17,22,-52.98059139017496
24,29,-38.30339405882835
35,34,-25.376651008749647
44,30,-22.755074617798368
23,0,-72.85276885223588
22,33,-37.15146606752383
66,59,-1.210054986676222
67,37,-11.440100113340598
63,65,-0.6805419662151463
31,31,-30.737378065148885
27,44,-25.235173931683203
44,63,-7.378053695786659
27,57,-20.864895784436943
25,37,-32.2815637713488
58,67,-1.5069550968832162
20,77,-26.216635498586598
51,32,-18.12895447197573
63,45,-6.666432364324705
89,56,-5.988569120878706
46,82,-7.2556198229758895
80,65,-1.2901279587705718
37,45,-17.153241826850575
55,13,-35.279739024229876
22,63,-23.999604552861168
28,22,-41.2877766310548
66,46,-6.020426630552744
56,32,-16.6219948612561
49,22,-28.014432983975183
44,16,-36.51750420596435
48,81,-6.037680223304184
64,57,-1.8681823388955152
22,21,-48.32943529950897
31,46,-20.86344010247515
25,30,-36.91385654705741
70,17,-29.12212956267443
55,70,-2.1657570911225936
56,63,-2.2697958739861197
46,43,-12.858259857382158
76,59,-1.4699532197205567
54,72,-2.491759359136103
48,62,-5.375570205312294
49,46,-10.01375488716735
21,23,-47.424445496990856
23,6,-65.4933850439769
60,78,-1.6987655224094111
36,38,-22.482800028031896
67,51,-3.470945821934013
77,53,-3.6481053335777793
21,5,-67.37980151314476
64,22,-23.57950944465573
48,40,-13.716140438647393
71,38,-10.605138456389788
75,30,-16.524250976092187
72,34,-13.117900303400457
82,62,-2.0680731967312136
24,20,-47.8890215041028
32,0,-66.79126823299589
38,32,-25.165555906848304
45,78,-6.900791674677621
25,42,-28.62082830095984
56,29,-18.83074352644078
30,58,-17.544721178964586
39,64,-10.405152102908126
61,51,-4.206672384615701
76,50,-4.578553074443365
60,52,-4.106571971643494
34,25,-34.08483599548692
63,35,-12.949013740696424
71,54,-2.4645267515707974
72,61,-0.7628497014261535
34,21,-37.848256025620465
40,24,-30.81327828382807
39,46,-15.316010367380743
24,42,-29.58708503059294
34,79,-13.708713714013452
66,58,-1.4275349453771973
66,43,-7.504165213762527
39,22,-33.75035848060577
66,23,-22.613756020545242
55,34,-15.102510844043568
65,61,-1.0303268943243735
47,21,-30.290507253148732
40,44,-16.013993177699838
9,21,-62.748746970884724
41,63,-8.911334092091986
22,62,-24.593443043103388
48,65,-4.823239204421563
51,49,-8.180097372156613
54,41,-11.186483166067513
30,34,-29.2794322285149
46,74,-6.004058207925871
45,57,-8.0529225751492
46,25,-26.546868758622967
19,45,-33.18034795348995
77,48,-5.449447025257342
17,43,-35.8276546561928
62,64,-0.8161500430645281
82,69,-1.631293171745332
49,31,-19.63932441843826
70,22,-24.004194026721418
38,19,-36.761524669517584
73,60,-1.1476862775845633
49,64,-4.959493188309927
55,49,-6.579590208563722
19,23,-49.43731055212924
71,61,-0.8115240078952468
67,10,-36.66452914920482
79,41,-9.119311735464683
54,40,-11.971896408525785
60,45,-6.9492959882736205
54,59,-3.61948426299866
53,67,-2.89080155280804
43,76,-7.854290763639669
38,73,-10.435466791165968
77,41,-9.202394951853329
36,72,-12.190611286399488
47,63,-5.778671372891864
39,27,-28.091850182629262
39,30,-26.11067471698111
31,16,-45.829497186378546
36,65,-11.861342992180948
29,17,-46.6923574204299
71,48,-4.799397355009121
59,38,-11.388937052987165
48,47,-10.253153391349105
31,69,-15.396811907626022
48,63,-5.0550783378840425
37,62,-11.48966775566861
57,38,-11.809342154667329
83,42,-9.698612270699504
61,30,-16.979886882575062
85,56,-4.460271034837229
21,27,-43.87058871693537
65,43,-7.368045259201852
60,59,-2.1044369718706815
74,46,-6.139568634974845
41,37,-19.677407674893757
32,33,-28.564078116097857
67,35,-12.53874342932639
31,20,-41.11593977433725
23,30,-39.04172394380349
26,10,-56.14425191014557
67,59,-1.1429845032535093
46,63,-5.966639437617208
85,57,-4.225346197191503
53,40,-11.968958074933925
56,73,-2.0920344246866045
32,67,-14.497656266652427
31,48,-20.762423678441834
38,52,-13.309889440227648
61,59,-1.944488648638457
52,74,-3.5580363241000605
24,44,-28.45841494912616
83,62,-2.4221642605545632
30,38,-26.823452680870695
56,41,-10.52546055020269
70,12,-34.92602419694799
69,56,-1.7967854746212746
84,55,-4.2776719373347625
62,58,-1.957781672573945
73,56,-1.988977109763102
75,36,-12.276918889899607
74,38,-10.657052451140705
65,31,-15.660261887660615
68,63,-0.4834594688547366
56,24,-23.837452968038278
50,54,-6.5852448079268795
60,75,-1.201380855516574
46,15,-37.60449078286925
25,32,-35.60756506285527
69,76,-0.4626898457038021
46,64,-5.869665869571588
51,11,-39.886847590875576
79,32,-15.434557382207153
28,61,-18.761821227685832
27,29,-36.33706447272907
54,26,-22.591957899016148
62,76,-1.0108123633685717
21,39,-33.84855578902361
84,54,-4.795751600436067
60,70,-0.873313427241783
24,40,-31.293695091172857
27,50,-22.91837555767206
48,79,-5.7052262492710115
71,35,-12.491445033314095
51,50,-7.460322840589589
58,61,-2.1759216244401802
72,35,-12.843025087150503
22,38,-33.92222359349784
60,57,-2.639942279183136
70,41,-8.543892000840946
49,17,-33.13067981018667
79,58,-2.165840212938371
33,27,-32.40090783969471
86,59,-3.9445399721737484
70,51,-3.6595364041147347
7,22,-64.77075695871658
26,39,-29.995584096999654
65,11,-35.82018338220987
30,44,-23.00602017995229
61,53,-3.512232906773577
75,34,-13.362019411552417
18,70,-27.442217544514897
44,29,-24.020829400405134
31,51,-18.956527729630736
44,76,-7.1040419388595435
56,25,-22.867394751700882
72,43,-7.2121400242002105
18,49,-32.59319825098553
79,38,-11.027114727476054
45,33,-20.419894653764228
27,47,-23.953054720236427
58,58,-2.914548196147096
93,45,-12.0426375642059
53,52,-5.871594819647257
51,48,-8.284755943811984
26,38,-30.32460088155187
69,52,-3.0591381927476284
20,25,-46.99209008706662
29,31,-32.54748694789049
46,34,-19.477412092243057
52,86,-5.899079751693422
44,79,-7.636889647336517
97,46,-13.578208003494879
49,55,-6.359575692439428
83,53,-4.805889910926499
33,28,-31.50024504286583
79,31,-16.543079740523698
55,62,-2.6237717663060556
83,56,-3.627083939576907
69,46,-5.644570062868
46,46,-11.44326843006216
63,38,-11.000099670993427
50,67,-4.0836424921840795
33,42,-21.957198914213265
55,3,-49.1338888956368
83,34,-15.071030388349913
37,33,-24.86256382191128
47,68,-5.241609072974668
67,57,-1.6881587328208296
88,68,-3.6833193425873167
38,66,-10.345832530550569
58,54,-3.8376555078206405
63,30,-17.05911116180178
59,64,-1.4047972946855274
10,9,-75.25517851340368
63,3,-46.18098455423535
57,63,-2.105766104648602
47,52,-8.638446280531554
51,78,-4.228553036571278
48,71,-4.876743863760028
47,30,-21.29725529850113
60,71,-0.9843722417119469
50,59,-5.278211439694398
61,79,-1.7180783358229856
43,52,-10.783068627945319
46,37,-16.87229651612837
18,30,-44.62778914381082
37,23,-33.91414048592658
44,33,-20.437969669291732
46,68,-5.739395066567934
59,27,-19.945408527790153
39,54,-11.976831028663156
52,65,-3.4384928518307043
88,51,-7.193411597258258
34,38,-23.46411803841154
55,75,-2.5256122202788305
59,45,-7.312172612402675
34,29,-30.45318388355024
34,61,-14.330793385251134
46,16,-35.46027802802738
38,68,-10.18863394852172
60,23,-24.074260768958943
80,28,-19.088977463443207
26,16,-50.060952924618284
82,42,-9.787584136917932
81,32,-16.04841448189027
36,32,-26.481072651504345
42,29,-24.913064628635667
35,41,-21.03296845433083
73,45,-6.317815238043117
74,47,-5.4018759728236985
42,50,-11.73434721880353
31,39,-25.594070761417527
24,11,-57.74915344809669
61,67,-0.8027787780847482
37,50,-15.089322706106826
40,51,-12.997643124357861
50,71,-3.8646295247304034
53,55,-4.9752161317597565
18,45,-33.769263539653345
65,50,-4.113594196948724
88,53,-6.516799270064756
71,41,-8.292789836349874
26,31,-35.04445484586919
52,43,-10.201472597488726
59,2,-48.40451736580609
35,62,-13.073823619138528
35,15,-43.18809737152341
59,51,-4.727130029811405
49,58,-5.616289326137285
53,15,-34.14412714894913
54,29,-19.640339889583228
49,21,-29.411244053335167
14,77,-32.76841112160445
60,72,-0.9810652320451719
41,84,-10.629567758603324
69,32,-15.105597632952204
29,54,-19.654104288793675
47,28,-23.274131984935167
66,87,-3.4035503648245795
44,60,-7.853780985851594
75,43,-7.816828550002762
24,31,-37.43689041436541
31,13,-48.60277902234397
59,15,-32.47088672415421
53,71,-2.7498559784422567
63,75,-0.8146937035306941
39,62,-10.396871977633442
88,62,-4.137987846518059
46,35,-18.025267246908292
35,21,-37.13950337352342
36,17,-40.837250044741566
96,49,-11.434364270882668
67,46,-5.643224858304743
69,47,-5.459898335477373
28,62,-18.56693671422759
16,31,-45.82193835363715
78,46,-6.430994549838933
90,50,-8.623589344922992
81,47,-6.455689462840304
22,19,-50.235592422696996
65,46,-5.962725587925936
64,46,-6.222408219058989
65,62,-0.8391302959171174
37,44,-17.879551206524233
46,27,-24.750313636471102
76,56,-2.4225877862689145
56,50,-5.985946386077012
67,56,-1.9201951806977695
24,24,-43.47629654558598
26,27,-38.226465333771294
31,53,-18.270693494982147
60,89,-4.866103210595303
42,21,-32.246433566980784
70,56,-1.8334419452254451
22,23,-45.50905150328038
36,25,-32.81452131261872
78,49,-5.398152548767721
43,63,-7.934807584300448
30,32,-31.539955399947956
27,16,-48.88344805274791
20,42,-34.011869038795204
49,77,-4.9476617151594
33,15,-45.75664601440239
43,20,-33.10590863122885
59,17,-30.118208045239136
54,32,-17.435767309777717
22,22,-47.04822385907053
78,56,-2.771684896693923
56,48,-6.926303208920806
73,63,-0.5959829835683399
21,33,-38.41392811122376
61,74,-1.0359177467129839
35,35,-24.513253612395246
77,57,-2.1120495344627774
64,37,-11.154181162424312
33,41,-22.20612581856456
53,74,-3.145039007024347
87,59,-4.4530803454257875
50,77,-4.428417077377018
42,47,-13.259376344657117
94,63,-6.594417357253559
33,19,-40.454945922709676
84,29,-19.681061515433893
50,36,-15.53331601005441
94,33,-20.663462028722083
89,45,-10.33224066531555
74,37,-11.468521331593815
68,37,-10.898437299474669
63,37,-11.224844388840555
30,51,-19.987317595422525
66,22,-23.499041725381165
51,86,-6.237339183113847
32,21,-39.92795614514117
43,34,-20.9263087424156
31,33,-29.55506957919146
50,72,-4.016430443939965
63,46,-6.535812548765251
23,71,-23.035513467403366
30,31,-31.5185977784039
38,67,-10.344569788992775
68,32,-14.929550007687817
36,64,-11.863549040920464
56,60,-2.986569180515057
84,56,-4.2388194459380335
20,68,-26.147576083840576
50,84,-6.232202862589034
41,67,-8.525849773391826
58,36,-13.052260454119455
55,76,-2.55968996474005
22,29,-40.58778114909971
67,54,-2.6156607190454166
70,60,-1.0153269413059747
60,61,-1.603862994847345
64,78,-1.0517029127528268
21,25,-44.738010278410414
38,75,-10.371525314635504
58,49,-6.020245145667419
26,29,-36.92886837661575
32,34,-27.53998772636495
61,80,-1.909168057603196
83,51,-5.308994970975457
80,49,-5.528390327187059
65,65,-0.4107355977613075
74,57,-1.7562923620087578
54,21,-27.393489884585186
25,17,-49.624706874442296
81,45,-7.851663024961337
81,42,-9.622949114302651
44,57,-8.246334857574983
48,43,-11.93490098582705
18,17,-56.847225123073514
69,18,-28.01037363017972
88,56,-5.428948283305562
20,48,-30.314931135616956
22,45,-29.745820017962945
61,48,-5.439503107223712
62,16,-30.410413206973693
71,62,-0.662462669201505
59,49,-5.471520681452415
81,65,-1.5633076098605945
68,72,-0.11094472283592928
41,24,-29.47278139677891
18,34,-40.48059804309973
65,38,-10.459435502997913
65,53,-3.126868673243623
29,40,-26.185174979847123
14,28,-49.75445394263781
35,66,-12.664856843567838
59,34,-13.992291254683995
44,59,-7.893110365603286
23,17,-51.02001142342553
48,75,-4.940954996964952
59,59,-2.2229494156484133
28,44,-25.229600416337185
82,35,-14.326412790427666
54,66,-2.6084672647821683
32,65,-15.275056275537851
83,67,-2.097167292402762
79,42,-8.690575232639665
39,32,-24.322772165627594
23,49,-26.969658306677367
64,41,-8.836423071815082
27,23,-41.37977314612722
51,65,-3.8820515035574776
32,74,-14.79833043349788
24,62,-22.27340225179312
41,18,-36.2910349767036
87,46,-8.979194488206954
58,10,-38.32101804333945
35,71,-12.53213287469963
83,39,-11.91290908740468
23,40,-32.18986437276616
44,74,-7.035866755863362
63,77,-1.0445618226151412
65,71,-0.22386901949197865
81,58,-2.9271869475426584
40,15,-40.28535216831469
73,80,-1.274920435665289
48,70,-4.812850448193294
39,67,-10.05224633741551
68,43,-7.315177478731294
49,56,-6.205594171142813
71,37,-10.79477950466329
45,29,-23.079613742501174
50,42,-11.705825825923691
59,68,-1.1714801485858042
69,61,-0.7511473698716087
32,66,-14.731241054980101
37,47,-16.32150598083497
47,69,-5.247723395001812
14,4,-76.8780447023249
58,32,-16.00305803251535
16,42,-38.586700157313416
35,28,-30.558705202400358
84,58,-3.3741647228133895
42,53,-10.728386261654597
69,58,-1.4359372010048888
45,40,-15.148438844062378
77,59,-1.6675051673907395
29,28,-35.225064085062996
16,45,-36.846028337831015
62,41,-9.31435343445604
34,19,-39.59715802576156
52,35,-15.24926627703283
33,32,-29.160454907963373
25,61,-21.220221406694105
78,41,-9.582679599960738
44,53,-9.576408344605705
12,51,-38.90484131791314
30,65,-16.17206855664896
43,32,-21.885640277150905
93,55,-7.829800595665109
65,29,-17.015234455054014
41,30,-24.599911001740523
54,74,-2.7537111438899786
50,70,-3.8126417564827455
76,19,-27.76962894999454
62,43,-7.692279142751687
74,52,-3.312111039408398
51,67,-3.747644271224098
94,69,-6.4831412384226095
24,65,-21.854871427737912
24,33,-35.15486518999199
29,33,-31.50839656148866
32,82,-16.295543664486434
61,18,-28.30944777395159
31,44,-22.582764836719576
46,70,-5.653262852043078
60,35,-13.706635647267118
76,51,-3.98553255760619
64,17,-29.0503839968155
10,21,-61.87051894622035
99,34,-25.67362857628678
77,35,-12.882531540500658
51,73,-3.734935204510551
29,63,-18.038764812523922
72,62,-0.5785875787097257
17,75,-29.765984835826156
71,55,-2.1449420977333595
52,25,-23.65573701887521
69,55,-2.1009122486556984
42,73,-8.298602543588519
34,53,-16.24700566834165
20,13,-58.941305184218194
36,39,-21.06870659026594
40,72,-8.928591426041084
41,48,-13.318563152351757
28,41,-26.201868848702162
51,60,-4.63018643415752
48,74,-5.299757233106591
66,56,-2.042834256153821
54,28,-20.27879664018147
28,30,-34.67830376088129
8,19,-66.47600688956598
50,27,-23.09488635031221
34,36,-25.412366406397854
21,20,-50.151197444986224
44,71,-7.077062867808387
64,65,-0.4705439511286332
80,33,-14.889829582101171
19,26,-46.907249341030564
19,40,-36.196755376459215
57,26,-21.683704482118614
11,52,-39.103832812955865
23,44,-29.67842484573479
41,65,-8.685627732006186
38,27,-29.547279091371536
53,63,-3.533072985967463
31,49,-20.206875250754223
69,50,-4.1783793371575975
54,75,-2.769155359753086
73,30,-16.62892180745998
52,58,-4.711410135151567
68,25,-21.03299627816724
12,20,-60.717846789949064
80,43,-8.566735976530829
57,11,-37.11729342460034
21,32,-39.69659130852676
70,27,-18.787366840334567
63,71,-0.43127633367169615
66,36,-12.04663972906967
40,31,-24.49626640220245
19,31,-42.11531624765071
39,71,-9.52010267544312
56,84,-4.138220564726806
65,76,-0.5946319305416843
76,53,-3.1447750127943315
29,59,-17.979634860136173
61,63,-1.2247677019197776
36,35,-24.437600663622405
74,48,-5.104722858583101
37,61,-11.513144864820324
33,24,-35.2563867130158
64,25,-20.835653908672825
30,17,-45.580289532896245
63,57,-2.10167218994744
61,50,-4.695350620740319
35,27,-31.98857041880229
51,38,-13.858078123941945
61,65,-0.9038603778852521
77,54,-3.0938736611525566
65,56,-2.09625561040412
75,25,-20.76642765275068
54,70,-2.401307209933918
47,64,-5.811838691842949
35,22,-35.60745735098293
45,66,-6.428907078434045
44,75,-6.9588667047189965
40,78,-10.002912280328749
83,64,-2.2957076348171412
58,33,-15.288334962434298
72,59,-1.137814714015562
43,83,-9.52439131727579
36,74,-12.228072956159721
63,19,-26.6100020279423
19,20,-52.4898187190756
35,18,-40.45812679746551
31,80,-16.824705216328084
48,84,-6.743579103436227
81,50,-5.077211934759324
60,76,-1.5280031771095621
70,47,-5.088789371117066
31,75,-15.757142805511556
36,34,-25.018984098577842
36,76,-12.298969151028333
28,39,-27.553985759045517
21,50,-28.30775714065144
19,28,-44.31110987034243
71,34,-13.061480474017541
29,56,-19.10443603255312
85,42,-10.647224136199515
46,47,-10.90441178279471
48,48,-9.463789663246697
55,66,-2.250365666507478
74,55,-2.428900864084658
78,39,-10.55311318311573
20,66,-25.956277717758205
38,33,-24.614529971078966
48,37,-15.538736796859533
44,54,-8.995810420856237
45,15,-36.9042760612318
46,62,-6.0933280493720146
51,18,-30.854508047223565
23,4,-67.28682461408087
47,61,-5.984062421245918
51,53,-6.274507345443293
40,17,-38.14554491138828
64,61,-1.0458193333599735
54,55,-4.649966856098553
77,52,-3.613145630636548
20,9,-63.7102324349853
88,48,-8.6368673014539
47,56,-7.074206009478383
56,70,-1.8603842033614681
57,24,-23.235017293241974
40,29,-26.431512795520522
64,14,-32.463355089811586
79,75,-1.149499257381044
34,18,-41.55881220339473
69,51,-3.4951838231455357
30,22,-39.826007457285456
86,34,-16.169356404329804
42,7,-48.7536072660108
44,25,-27.477172896990535
59,20,-27.04004566985747
87,35,-15.491858258991694
31,57,-17.216637154015856
32,14,-46.66139892423359
52,61,-4.035158952336328
24,68,-21.398420607469628
55,26,-21.903371550564753
48,30,-20.766315777431785
83,61,-2.5548446316308606
28,10,-55.10930209058157
22,50,-27.98505194533436
52,20,-28.833095811714287
24,36,-32.98990394209441
25,18,-47.917350982833575
47,71,-5.548863238934643
89,54,-6.764231334478769
80,41,-10.03820304773925
11,20,-61.51824012170845
62,68,-0.5321582400000662
28,65,-18.143282944433725
64,62,-0.9076898323437605
45,8,-46.129359280536114
13,19,-59.44573208574552
11,29,-53.225678870639584
63,34,-13.530057983910188
44,18,-35.00161002304682
53,45,-9.13515003448374
72,32,-15.049235561484508
71,26,-19.790684260817226
37,75,-11.452293636011852
79,51,-4.631202550573996
58,82,-3.037958316069208
14,75,-32.34466699595953
52,9,-41.747423044013956
76,23,-23.32588877923843
61,37,-12.088747065711237
61,73,-0.8927912019543813
37,36,-22.642864739934545
63,78,-1.2400706780115804
79,47,-6.320464615290135
38,54,-12.974406368493462
58,28,-19.38662664361127
67,72,-0.12457879987797066
44,72,-7.150624533153704
52,33,-17.40054274727695
29,11,-53.96984868615701
63,80,-1.6735127530117122
26,59,-21.432622452086726
19,74,-27.380198840443303
72,48,-4.768857257151584
20,34,-39.061035987392806
90,53,-7.3120030975127115
21,17,-53.49091003541598
76,64,-0.7420970441995153
21,21,-49.539916874537994
80,45,-7.721030621191518
39,33,-23.801658722959182
30,11,-53.11489352468371
63,49,-5.084624313131294
31,22,-39.570420731803324
49,33,-18.206751363809325
75,47,-5.559109116866859
49,36,-16.100900348239847
56,53,-4.64005392612526
73,51,-3.534909928812798
27,48,-24.234335942037198
64,66,-0.4189015781020155
70,67,-0.04780518703487417
54,12,-37.18140017204305
22,47,-29.241926638127683
84,66,-2.3860198800625194
33,49,-18.36512417475421
16,46,-35.8477579149544
45,9,-44.727099445852964
47,66,-5.6830352776204505
54,17,-31.62296190208162
24,73,-22.113830509886217
52,63,-3.7948994899240027
21,0,-77.56542716281766
55,4,-47.72162350163268
24,75,-22.041062615623183
93,53,-8.34998951138667
35,75,-12.959456449112887
66,39,-10.090394440961088
81,70,-1.3172935333626918
57,31,-17.514366083304694
59,93,-6.8365953976870895
35,70,-12.384742214213231
35,19,-40.02937614436268
41,66,-8.740293404762596
35,40,-22.2319396732106
54,87,-5.827756359043855
73,75,-0.4255290564457582
39,70,-10.079953396925326
79,43,-8.357598008730225
44,19,-33.04040579944645
41,36,-19.97417667660065
15,12,-65.50767753612647
53,28,-20.472384765372627
15,28,-49.45701611395263
62,82,-2.371514758479395
56,12,-36.43653510351072
59,76,-1.5763348121472391
15,22,-54.98103798665729
15,23,-54.40397947890266
34,56,-15.417097098454734
30,61,-17.46635791968643
68,31,-15.424402091465492
56,0,-52.724234311516646
29,2,-64.11672570052846
52,19,-29.508578301169727
35,81,-13.687490049005964
66,79,-1.033591394675707
58,60,-2.2375167585077076
36,21,-36.74929248016902
54,24,-24.271126096407475
78,44,-7.57521544866227
48,18,-32.75223985613723
53,78,-3.519276470820982
52,46,-8.669961116062982
52,45,-9.170521017322947
50,19,-30.867885492746332
69,88,-3.491091441983386
37,14,-43.32534905384173
60,83,-2.730318657183197
12,11,-70.20063814814944
79,40,-10.154501539418801
25,40,-29.74430376561888
69,57,-1.742196768116175
51,59,-4.7067943863039
40,63,-9.344027172293101
44,70,-6.863032773045024
28,64,-18.09100474669218
64,26,-20.431332542593037
30,4,-60.58293338345128
35,83,-14.364812629775809
28,26,-37.58942979733963
62,67,-0.5729726587926246
87,52,-6.2709025053055125
40,73,-8.954537140938864
74,60,-1.1664061267456787
59,30,-17.84612389977756
64,79,-1.2408469658055274
26,67,-20.068834975790608
18,39,-37.54254369239853
36,23,-34.677552140522835
28,31,-33.67026662828685
57,74,-1.7094529051635985
74,31,-15.504584285316264
59,73,-1.2169809566412524
77,26,-20.48839988378556
92,52,-8.184151692777515
48,16,-34.877902229022375
86,46,-8.806950851099764
51,88,-7.041670079738041
70,28,-17.85307903098397
80,59,-2.2452487083601023
85,50,-6.3275312786859175
21,81,-26.570733894878476
29,23,-40.03597092037492
39,68,-9.706256269734611
30,48,-21.293238863721925
47,80,-6.378877233847941
33,73,-13.895564231122929
29,16,-46.8902033640514
86,48,-7.50952108224098
39,61,-10.360318457057243
89,44,-10.806789111020041
71,32,-15.02556166690076
60,51,-4.432486698454619
34,14,-46.073209854525025
69,77,-0.5193937893886695
40,41,-17.602578186025987
49,35,-16.515328094677756
81,44,-7.875166396729209
78,29,-17.764367482795482
48,20,-30.129311967298108
28,58,-19.57114601330972
62,59,-1.6354724771994744
67,31,-15.714189296599812
72,66,-0.2267841175264058
34,16,-43.08237064608501
53,47,-8.273129195115397
79,67,-0.9794612207286526
57,71,-1.5964525046958167
55,88,-5.565840570022931
69,33,-14.315733000039941
33,31,-29.704581231386335
36,30,-28.143310923501744
45,76,-6.477679955789698
59,69,-1.1541720566707934
14,50,-36.554043343424325
62,91,-5.215704763133944
23,28,-40.14953667709665
92,46,-11.08707676982786
44,81,-8.157077615002343
86,63,-3.413913890928524
64,59,-1.4555881970370619
71,59,-1.079227989104203
62,46,-6.439209215715886
63,28,-18.830256158632693
86,43,-10.165756125066778
26,34,-33.3290324109827
46,66,-5.873986180108175
80,68,-1.2053291314634562
52,54,-5.907687615645034
41,38,-19.26824229954315
36,41,-20.440777615801196
35,47,-17.98508598293488
26,18,-48.16760832278818
54,69,-2.6484366881208423
61,35,-13.201418421054235
24,52,-24.78508415325676
87,58,-4.6717174272101225
34,62,-13.481418666545235
49,69,-4.214999942355085
45,92,-11.79883328839064
80,37,-12.566310360210354
80,22,-25.167855436425757
43,68,-7.440482866544408
63,55,-2.8049166333828737
81,49,-5.656045282454896
68,54,-2.6782014697779113
64,89,-4.499675986889732
57,21,-26.4928616124131
22,49,-28.316643536442726
62,48,-5.214977246264372
51,20,-28.741254839642412
84,47,-7.583207143910108
66,60,-0.9973250484337888
43,15,-38.90776097996341
10,28,-54.750422797531044
80,39,-10.927584197488793
38,72,-10.411557915705458
19,21,-51.19094535035507
49,65,-4.751036497255657
70,48,-4.629265779023604
88,75,-3.7947336849269577
60,58,-2.2599892668873864
85,60,-3.638508803250213
23,36,-34.16249736244758
29,52,-20.05528005438114
25,28,-38.34407078994995
37,19,-38.28304563115893
43,26,-27.84604760253216
16,12,-63.78830552689631
38,56,-12.492536244590081
42,85,-10.435922853318116
57,69,-1.6158508472723547
98,47,-13.392596732259438
26,44,-27.030951520831895
52,75,-3.512396572153454
48,25,-25.431848466287647
25,29,-37.74999772663014
45,69,-6.348868382173577
99,47,-15.217347674314055
79,64,-1.2714309646217983
33,11,-50.298193956432414
28,57,-19.647137547951154
59,43,-8.592828536193293
62,71,-0.69323613099003
37,73,-11.09764078890292
38,8,-50.00904627985754
59,55,-3.1409105358521425
29,35,-29.724587842771694
32,45,-20.682624190768767
75,54,-2.892217501780541
52,66,-3.287778630979511
75,38,-10.923119331006175
58,79,-2.2306489300948305
18,25,-49.22798287801721
36,63,-12.280339695519745
32,53,-17.339800843710798
60,39,-10.744496319965965
19,27,-46.00822504752463
12,70,-34.166917402214814
26,58,-21.321287259667425
77,65,-0.7265220069639668
70,78,-0.7013316076507964
57,28,-19.475061204372388
71,68,-0.033116506993877706
25,34,-33.58484997688407
71,65,-0.2597835943736868
45,36,-17.919598896766114
69,84,-2.2703442319352525
39,34,-23.16595867711985
90,58,-5.857388228523437
18,21,-52.15388256442549
81,56,-3.0959799902379768
32,35,-26.898906220564058
37,32,-25.661244628422196
82,73,-1.8262226466168383
79,59,-2.1812968140167475
30,72,-16.017697317239943
16,70,-30.056717000853034
43,82,-9.207764248803578
76,22,-24.27749927930575
11,24,-57.327646133031344
43,21,-31.696820212988023
53,25,-23.318647981085835
39,76,-10.024337946497793
19,41,-35.17423853292284
78,27,-19.67836959214787
26,3,-66.59497248686117
34,57,-14.669258223831411
85,49,-7.108088984860177
38,22,-33.82623090497929
69,29,-17.528454255578225
38,65,-10.947126553082454
38,55,-12.666008119359292
34,66,-13.039783307885223
20,15,-56.11721237947249
30,14,-48.54997121090864
65,54,-2.752290765647791
46,49,-10.156126026994908
8,16,-69.07222204246094
59,78,-2.0911694165599766
53,30,-18.730310347539923
73,27,-19.30834490401006
61,21,-25.355648703466787
33,67,-14.186569093834622
46,77,-6.609409155297856
50,22,-27.94198793568761
54,37,-13.68630417681868
61,55,-3.0507558677239066
78,32,-15.258671224306351
65,48,-5.133129032603089
21,46,-30.483809583553764
79,68,-1.061627570429661
34,77,-13.673393659471676
84,63,-2.6005234331218614
29,41,-25.378326495587736
72,60,-1.0420615312089077
75,65,-0.5109540680413059
43,70,-7.541832002124515
76,67,-0.46922890664323474
50,82,-5.561317182063162
14,12,-67.15531572581823
49,76,-4.6468855684961605
48,76,-5.555793812202783
97,50,-12.276324967568446
38,23,-32.484058002671496
46,72,-5.628135960634572
38,79,-11.767277262569467
86,68,-2.9086345536796485
71,31,-15.485523357995651
51,15,-34.933729466980694
66,31,-16.096605440531466
22,54,-25.82121286871585
70,69,-0.005383628816741384
30,52,-19.840180044613845
40,22,-32.87513328780628
65,44,-7.2353004944119546
11,50,-40.55116727494506
75,41,-8.677696208466346
23,21,-46.71599439762176
14,22,-56.08520424631956
72,42,-7.793199061493806
78,50,-4.6764084577400515
16,49,-34.63774879917619
80,53,-4.153870846930389
21,68,-24.18378663200972
57,22,-25.366770773328867
35,7,-52.87386578774726
25,47,-26.284461838529094
64,70,-0.30638890611654246
47,33,-19.674437634541952
36,10,-49.30796496750782
19,57,-28.396070854256568
53,70,-2.903425020318125
50,38,-14.481750498624464
60,66,-0.9762185985472001
55,85,-4.705172734663757
80,57,-2.739303032910621
30,15,-47.58845357537623
35,57,-14.161981740356241
74,30,-16.509907308899724
67,91,-4.983956387045304
81,72,-1.4984935018364502
81,55,-3.4842073342610957
75,73,-0.5291226729925059
34,60,-14.386477833155991
64,69,-0.3631918608202107
45,50,-10.260918389320778
59,44,-7.901272772414433
37,27,-30.005299867672058
34,52,-16.88781759839592
67,61,-0.7540004379407108
43,9,-46.04762433932845
46,22,-29.892855637361542
34,7,-53.4856632873786
21,52,-27.970352920351502
28,47,-23.253568890667772
86,47,-8.183689962293348
88,30,-20.24643168657728
54,16,-32.60496100610169
11,7,-76.2587730564897
19,51,-30.404132586469913
66,83,-2.156695610162126
79,56,-2.7013102497196995
49,61,-5.160885474176536
26,63,-19.94736411604062
34,26,-33.52939279048555
38,50,-14.516674477824791
52,11,-39.23007686804979
41,25,-29.03451202903452
